{"engineId":"dee15635-cf63-4ae0-84c7-67d24af635c6","engineName":"movieFlat","rdbmsId":"2","varstore":{},"frames":[{"file":"@BaseFolder@\\db\\@ENGINE@\\version\\2\\FRAME.gz","meta":"@BaseFolder@\\db\\@ENGINE@\\version\\2\\METADATA__FRAME.owl","state":null,"type":"prerna.ds.h2.H2Frame","name":"FRAME","keys":["$CUR_FRAME_KEY","FRAME"]}],"panels":[{"panelId":"0","panelLabel":"0","view":"visualization","viewOptions":null,"ornaments":"{\"showMenu\":false}","events":"{}","filters":"[]","order":"[]","comments":"{}","position":"{}"}],"tasks":{"tasks":[{"taskType":"basic","id":"task1","numCollected":500,"internalOffset":0,"taskOptions":"{\"options\":{\"0\":{\"layout\":\"Grid\",\"alignment\":{\"label\":[\"MOVIECSV_UNIQUE_ROW_ID\",\"ROTTENTOMATOESAUDIENCE\",\"NOMINATED\",\"REVENUEINTERNATIONAL\",\"REVENUEDOMESTIC\",\"ROTTENTOMATOESCRITICS\",\"MOVIEBUDGET\",\"TITLE\",\"GENRE\",\"DIRECTOR\",\"STUDIO\"]}}}}","qs":{"qsType":"FRAME","isDistinct":true,"overrideImplicit":false,"limit":0,"offset":0,"relations":"{}","selectors":["COLUMN",{"table":"MOVIECSV_UNIQUE_ROW_ID","column":"PRIM_KEY_PLACEHOLDER","alias":"MOVIECSV_UNIQUE_ROW_ID","tableAlias":null},"COLUMN",{"table":"ROTTENTOMATOESAUDIENCE","column":"PRIM_KEY_PLACEHOLDER","alias":"ROTTENTOMATOESAUDIENCE","tableAlias":null},"COLUMN",{"table":"NOMINATED","column":"PRIM_KEY_PLACEHOLDER","alias":"NOMINATED","tableAlias":null},"COLUMN",{"table":"REVENUEINTERNATIONAL","column":"PRIM_KEY_PLACEHOLDER","alias":"REVENUEINTERNATIONAL","tableAlias":null},"COLUMN",{"table":"REVENUEDOMESTIC","column":"PRIM_KEY_PLACEHOLDER","alias":"REVENUEDOMESTIC","tableAlias":null},"COLUMN",{"table":"ROTTENTOMATOESCRITICS","column":"PRIM_KEY_PLACEHOLDER","alias":"ROTTENTOMATOESCRITICS","tableAlias":null},"COLUMN",{"table":"MOVIEBUDGET","column":"PRIM_KEY_PLACEHOLDER","alias":"MOVIEBUDGET","tableAlias":null},"COLUMN",{"table":"TITLE","column":"PRIM_KEY_PLACEHOLDER","alias":"TITLE","tableAlias":null},"COLUMN",{"table":"GENRE","column":"PRIM_KEY_PLACEHOLDER","alias":"GENRE","tableAlias":null},"COLUMN",{"table":"DIRECTOR","column":"PRIM_KEY_PLACEHOLDER","alias":"DIRECTOR","tableAlias":null},"COLUMN",{"table":"STUDIO","column":"PRIM_KEY_PLACEHOLDER","alias":"STUDIO","tableAlias":null}]}}],"taskCounter":2},"recipe":["AddPanel ( 0 ) ;","Panel ( 0 ) | SetPanelView ( \"visualization\" ) ;","CreateFrame ( grid ) .as ( [ FRAME ] ) ;","Database ( movieFlat ) | Select ( MOVIECSV__MOVIECSV_UNIQUE_ROW_ID , MOVIECSV__ROTTENTOMATOESAUDIENCE , MOVIECSV__NOMINATED , MOVIECSV__REVENUEINTERNATIONAL , MOVIECSV__REVENUEDOMESTIC , MOVIECSV__ROTTENTOMATOESCRITICS , MOVIECSV__MOVIEBUDGET , MOVIECSV__TITLE , MOVIECSV__GENRE , MOVIECSV__DIRECTOR , MOVIECSV__STUDIO ) | Limit ( 500 ) | Import ( ) ;","Frame ( ) | Select ( f$ MOVIECSV_UNIQUE_ROW_ID , f$ ROTTENTOMATOESAUDIENCE , f$ NOMINATED , f$ REVENUEINTERNATIONAL , f$ REVENUEDOMESTIC , f$ ROTTENTOMATOESCRITICS , f$ MOVIEBUDGET , f$ TITLE , f$ GENRE , f$ DIRECTOR , f$ STUDIO ) | Format ( type = [ 'table' ] ) | TaskOptions ( { \"0\" : { \"layout\" : \"Grid\" , \"alignment\" : { \"label\" : [ \"MOVIECSV_UNIQUE_ROW_ID\" , \"ROTTENTOMATOESAUDIENCE\" , \"NOMINATED\" , \"REVENUEINTERNATIONAL\" , \"REVENUEDOMESTIC\" , \"ROTTENTOMATOESCRITICS\" , \"MOVIEBUDGET\" , \"TITLE\" , \"GENRE\" , \"DIRECTOR\" , \"STUDIO\" ] } } } ) | Collect ( 500 ) ;","Panel ( 0 ) | AddPanelOrnaments ( { \"showMenu\" : false } ) ;","Panel ( 0 ) | RetrievePanelOrnaments ( \"showMenu\" ) ;"]}